Workbook

Sheet Orders_Data
A1: Key | B1: Order_ID | C1: Product_ID | D1: Product_Name | E1: Category | F1: Region | G1: Salesperson | H1: Month | I1: Year | J1: Unit_Price | K1: Quantity | L1: Discount | M1: Discount_% | N1: Total_Revenue | O1: Status Control | P1: Status | Q1: Supplier
A2: =LEFT(C2&Orders_Data!D2,4) -> P007 | B2: ORD-0001 | C2: P007 | D2: Office Chair | E2: Furniture | F2: West | G2: Gosia Piotrowska | H2: Oct | I2: 2024 | J2: 249.99 | K2: 8 | L2: =M2/100 -> 0 | M2: 0 | N2: 1999.92 | O2: 1 | P2: Shipped | Q2: =VLOOKUP($A2,Inventory!$A$2:$H$11,6,0) -> ErgoOffice SA
A3: =LEFT(C3&Orders_Data!D3,4) -> P002 | B3: ORD-0002 | C3: P002 | D3: Wireless Mouse | E3: Accessories | F3: East | G3: Filip Wrona | H3: Sep | I3: 2024 | J3: 29.99 | K3: 20 | L3: =M3/100 -> 0.05 | M3: 5 | N3: 569.81 | O3: 1 | P3: Shipped | Q3: =VLOOKUP($A3,Inventory!$A$2:$H$11,6,0) -> GadgetHub Polska
A4: =LEFT(C4&Orders_Data!D4,4) -> P007 | B4: ORD-0003 | C4: P007 | D4: Office Chair | E4: Furniture | F4: Central | G4: Inga Szymańska | H4: Jun | I4: 2025 | J4: 249.99 | K4: 7 | L4: =M4/100 -> 0 | M4: 0 | N4: 1749.93 | O4: 1 | P4: Cancelled | Q4: =VLOOKUP($A4,Inventory!$A$2:$H$11,6,0) -> ErgoOffice SA
A5: =LEFT(C5&Orders_Data!D5,4) -> P003 | B5: ORD-0004 | C5: P003 | D5: USB-C Hub | E5: Accessories | F5: Central | G5: Jakub Lewandowski | H5: Feb | I5: 2024 | J5: 49.99 | K5: 16 | L5: =M5/100 -> 0 | M5: 0 | N5: 799.84 | O5: 1 | P5: Cancelled | Q5: =VLOOKUP($A5,Inventory!$A$2:$H$11,6,0) -> GadgetHub Polska
A6: =LEFT(C6&Orders_Data!D6,4) -> P001 | B6: ORD-0005 | C6: P001 | D6: Laptop Pro 15 | E6: Electronics | F6: East | G6: Ewa Zając | H6: Jul | I6: 2024 | J6: 1299.99 | K6: 12 | L6: =M6/100 -> 0.1 | M6: 10 | N6: 14039.89 | O6: 1 | P6: Delivered | Q6: =VLOOKUP($A6,Inventory!$A$2:$H$11,6,0) -> TechWorld Sp. z o.o.
A7: =LEFT(C7&Orders_Data!D7,4) -> P008 | B7: ORD-0006 | C7: P008 | D7: Standing Desk | E7: Furniture | F7: Central | G7: Inga Szymańska | H7: Oct | I7: 2025 | J7: 499.99 | K7: 2 | L7: =M7/100 -> 0 | M7: 0 | N7: 999.98 | O7: 1 | P7: Shipped | Q7: =VLOOKUP($A7,Inventory!$A$2:$H$11,6,0) -> ErgoOffice SA
A8: =LEFT(C8&Orders_Data!D8,4) -> P004 | B8: ORD-0007 | C8: P004 | D8: 4K Monitor | E8: Electronics | F8: South | G8: Dawid Maj | H8: Oct | I8: 2024 | J8: 399.99 | K8: 17 | L8: =M8/100 -> 0.15 | M8: 15 | N8: 5779.86 | O8: 1 | P8: Shipped | Q8: =VLOOKUP($A8,Inventory!$A$2:$H$11,6,0) -> TechWorld Sp. z o.o.
A9: =LEFT(C9&Orders_Data!D9,4) -> P001 | B9: ORD-0008 | C9: P001 | D9: Laptop Pro 15 | E9: Electronics | F9: North | G9: Alice Nowak | H9: Mar | I9: 2025 | J9: 1299.99 | K9: 14 | L9: =M9/100 -> 0 | M9: 0 | N9: 18199.86 | O9: 1 | P9: Cancelled | Q9: =VLOOKUP($A9,Inventory!$A$2:$H$11,6,0) -> TechWorld Sp. z o.o.
A10: =LEFT(C10&Orders_Data!D10,4) -> P002 | B10: ORD-0009 | C10: P002 | D10: Wireless Mouse | E10: Accessories | F10: South | G10: Dawid Maj | H10: Oct | I10: 2024 | J10: 29.99 | K10: 13 | L10: =M10/100 -> 0 | M10: 0 | N10: 389.87 | O10: 1 | P10: Shipped | Q10: =VLOOKUP($A10,Inventory!$A$2:$H$11,6,0) -> GadgetHub Polska
A11: =LEFT(C11&Orders_Data!D11,4) -> P009 | B11: ORD-0010 | C11: P009 | D11: Noise Headphones | E11: Electronics | F11: West | G11: Gosia Piotrowska | H11: Jan | I11: 2024 | J11: 199.99 | K11: 15 | L11: =M11/100 -> 0 | M11: 0 | N11: 2999.85 | O11: 1 | P11: Returned | Q11: =VLOOKUP($A11,Inventory!$A$2:$H$11,6,0) -> TechWorld Sp. z o.o.
A12: =LEFT(C12&Orders_Data!D12,4) -> P007 | B12: ORD-0011 | C12: P007 | D12: Office Chair | E12: Furniture | F12: South | G12: Dawid Maj | H12: Dec | I12: 2025 | J12: 249.99 | K12: 2 | L12: =M12/100 -> 0 | M12: 0 | N12: 499.98 | O12: 1 | P12: Returned | Q12: =VLOOKUP($A12,Inventory!$A$2:$H$11,6,0) -> ErgoOffice SA
A13: =LEFT(C13&Orders_Data!D13,4) -> P003 | B13: ORD-0012 | C13: P003 | D13: USB-C Hub | E13: Accessories | F13: Central | G13: Jakub Lewandowski | H13: Feb | I13: 2024 | J13: 49.99 | K13: 4 | L13: =M13/100 -> 0 | M13: 0 | N13: 199.96 | O13: 1 | P13: Pending | Q13: =VLOOKUP($A13,Inventory!$A$2:$H$11,6,0) -> GadgetHub Polska
... A76: =LEFT(C76&Orders_Data!D76,4) -> P005 | B76: ORD-0075 | C76: P005 | D76: Mechanical Keyboard | E76: Accessories | F76: North | G76: Alice Nowak | H76: Dec | I76: 2024 | J76: 89.99 | K76: 9 | L76: =M76/100 -> 0.05 | M76: 5 | N76: 769.41 | O76: 1 | P76: Cancelled | Q76: =VLOOKUP($A76,Inventory!$A$2:$H$11,6,0) -> GadgetHub Polska
A77: =LEFT(C77&Orders_Data!D77,4) -> P003 | B77: ORD-0076 | C77: P003 | D77: USB-C Hub | E77: Accessories | F77: East | G77: Filip Wrona | H77: Apr | I77: 2025 | J77: 49.99 | K77: 15 | L77: =M77/100 -> 0 | M77: =IFERROR(100/0,0) -> 0 | N77: 749.85 | O77: 1 | P77: Returned | Q77: =VLOOKUP($A77,Inventory!$A$2:$H$11,6,0) -> GadgetHub Polska
A78: =LEFT(C78&Orders_Data!D78,4) -> P005 | B78: ORD-0077 | C78: P005 | D78: Mechanical Keyboard | E78: Accessories | F78: South | G78: Dawid Maj | H78: May | I78: 2024 | J78: 89.99 | K78: 7 | L78: =M78/100 -> 0 | M78: 0 | N78: 629.93 | O78: =K78 -> 7 | P78: Returned | Q78: =VLOOKUP($A78,Inventory!$A$2:$H$11,6,0) -> GadgetHub Polska
A79: =LEFT(C79&Orders_Data!D79,4) -> P003 | B79: ORD-0078 | C79: P003 | D79: USB-C Hub | E79: Accessories | F79: Central | G79: Inga Szymańska | H79: Oct | I79: 2025 | J79: 49.99 | K79: 20 | L79: =M79/100 -> 0.1 | M79: 10 | N79: 899.82 | O79: =K79 -> 20 | P79: Delivered | Q79: =VLOOKUP($A79,Inventory!$A$2:$H$11,6,0) -> GadgetHub Polska
A80: =LEFT(C80&Orders_Data!D80,4) -> P004 | B80: ORD-0079 | C80: P004 | D80: 4K Monitor | E80: Electronics | F80: Central | G80: Jakub Lewandowski | H80: Mar | I80: 2024 | J80: 399.99 | K80: 11 | L80: =M80/100 -> 0.15 | M80: 15 | N80: 3739.91 | O80: =K80 -> 11 | P80: Cancelled | Q80: =VLOOKUP($A80,Inventory!$A$2:$H$11,6,0) -> TechWorld Sp. z o.o.
A81: =LEFT(C81&Orders_Data!D81,4) -> P010 | B81: ORD-0080 | C81: P010 | D81: Desk Lamp LED | E81: Furniture | F81: North | G81: Alice Nowak | H81: Jul | I81: 2024 | J81: 39.99 | K81: 14 | L81: =M81/100 -> 0.05 | M81: 5 | N81: 531.87 | O81: =K81 -> 14 | P81: Delivered | Q81: =VLOOKUP($A81,Inventory!$A$2:$H$11,6,0) -> ErgoOffice SA
A82: =LEFT(C82&Orders_Data!D82,4) -> P002 | B82: ORD-0081 | C82: P002 | D82: Wireless Mouse | E82: Accessories | F82: North | G82: Alice Nowak | H82: Feb | I82: 2024 | J82: 29.99 | K82: 10 | L82: =M82/100 -> 0 | M82: 0 | N82: 299.9 | O82: =K82 -> 10 | P82: Delivered | Q82: =VLOOKUP($A82,Inventory!$A$2:$H$11,6,0) -> GadgetHub Polska
A83: =LEFT(C83&Orders_Data!D83,4) -> P003 | B83: ORD-0082 | C83: P003 | D83: USB-C Hub | E83: Accessories | F83: East | G83: Filip Wrona | H83: Mar | I83: 2024 | J83: 49.99 | K83: 3 | L83: =M83/100 -> 0.1 | M83: 10 | N83: 134.97 | O83: =K83 -> 3 | P83: Delivered | Q83: =VLOOKUP($A83,Inventory!$A$2:$H$11,6,0) -> GadgetHub Polska
A84: =LEFT(C84&Orders_Data!D84,4) -> P006 | B84: ORD-0083 | C84: P006 | D84: Webcam HD | E84: Electronics | F84: North | G84: Alice Nowak | H84: May | I84: 2025 | J84: 79.99 | K84: 11 | L84: =M84/100 -> 0.1 | M84: 10 | N84: 791.9 | O84: =K84 -> 11 | P84: Delivered | Q84: =VLOOKUP($A84,Inventory!$A$2:$H$11,6,0) -> TechWorld Sp. z o.o.
A85: =LEFT(C85&Orders_Data!D85,4) -> P008 | B85: ORD-0084 | C85: P008 | D85: Standing Desk | E85: Furniture | F85: East | G85: Filip Wrona | H85: Sep | I85: 2025 | J85: 499.99 | K85: 7 | L85: =M85/100 -> 0 | M85: 0 | N85: 3499.93 | O85: =K85 -> 7 | P85: Shipped | Q85: =VLOOKUP($A85,Inventory!$A$2:$H$11,6,0) -> ErgoOffice SA
A86: =LEFT(C86&Orders_Data!D86,4) -> P001 | B86: ORD-0085 | C86: P001 | D86: Laptop Pro 15 | E86: Electronics | F86: East | G86: Ewa Zając | H86: Apr | I86: 2025 | J86: 1299.99 | K86: 16 | L86: =M86/100 -> 0 | M86: 0 | N86: 20799.84 | O86: =K86 -> 16 | P86: Returned | Q86: =VLOOKUP($A86,Inventory!$A$2:$H$11,6,0) -> TechWorld Sp. z o.o.
A87: =LEFT(C87&Orders_Data!D87,4) -> P006 | B87: ORD-0086 | C87: P006 | D87: Webcam HD | E87: Electronics | F87: Central | G87: Inga Szymańska | H87: Dec | I87: 2025 | J87: 79.99 | K87: 1 | L87: =M87/100 -> 0 | M87: 0 | N87: 79.99 | O87: =K87 -> 1 | P87: Returned | Q87: =VLOOKUP($A87,Inventory!$A$2:$H$11,6,0) -> TechWorld Sp. z o.o.
A88: =LEFT(C88&Orders_Data!D88,4) -> P010 | B88: ORD-0087 | C88: P010 | D88: Desk Lamp LED | E88: Furniture | F88: East | G88: Ewa Zając | H88: Mar | I88: 2025 | J88: 39.99 | K88: 2 | L88: =M88/100 -> 0 | M88: 0 | N88: 79.98 | O88: =K88 -> 2 | P88: Returned | Q88: =VLOOKUP($A88,Inventory!$A$2:$H$11,6,0) -> ErgoOffice SA
A89: =LEFT(C89&Orders_Data!D89,4) -> P006 | B89: ORD-0088 | C89: P006 | D89: Webcam HD | E89: Electronics | F89: Central | G89: Jakub Lewandowski | H89: Jun | I89: 2024 | J89: 79.99 | K89: 18 | L89: =M89/100 -> 0 | M89: 0 | N89: 1439.82 | O89: =K89 -> 18 | P89: Delivered | Q89: =VLOOKUP($A89,Inventory!$A$2:$H$11,6,0) -> TechWorld Sp. z o.o.
... A101: =LEFT(C101&Orders_Data!D101,4) -> P008 | B101: ORD-0100 | C101: P008 | D101: Standing Desk | E101: Furniture | F101: South | G101: Dawid Maj | H101: Aug | I101: 2024 | J101: 499.99 | K101: 7 | L101: =M101/100 -> 0.15 | M101: 15 | N101: 2974.94 | O101: =K101 -> 7 | P101: Delivered | Q101: =VLOOKUP($A101,Inventory!$A$2:$H$11,6,0) -> ErgoOffice SA

Sheet Performance
E1: Category | F1: Year
A2: Year | B2: 2025 | C2: 2024 | E2: Furniture | F2: 2024
A3: Category: | B3: Accessories | C3: 2025 | E3: Accessories | F3: 2025
E4: Electronics
A5: =B3&" " & " " &B2 &" " &"Average Status Overview " -> Accessories 2025 Average Status Overview
A6: Category | B6: Year | C6: Avg Revenue | D6: Discount_%
A7: =$B$3 -> Accessories | B7: 2024 | C7: {=AVERAGE(_xlfn._xlws.FILTER(Orders_Data!$N$2:$N$101,(Orders_Data!$E$2:$E$101=$B$3)*(Orders_Data!$I$2:$I$101=2024)))} -> 604.05136 | D7: {=AVERAGE(_xlfn._xlws.FILTER(Orders_Data!$L$2:$L$101,(Orders_Data!$E$2:$E$101=$B$3)*(Orders_Data!$I$2:$I$101=2024)))} -> 0.038636364
A8: =$B$3 -> Accessories | B8: 2025 | C8: {=AVERAGE(_xlfn._xlws.FILTER(Orders_Data!$N$2:$N$101,(Orders_Data!$E$2:$E$101=$B$3)*(Orders_Data!$I$2:$I$101=2025)))} -> 699.57727 | D8: {=AVERAGE(_xlfn._xlws.FILTER(Orders_Data!$L$2:$L$101,(Orders_Data!$E$2:$E$101=$B$3)*(Orders_Data!$I$2:$I$101=2025)))} -> 0.095454545
A10: =B3&" "&B2&" "&"Average Discount " -> Accessories 2025 Average Discount
A11: =B3&" " & " " &B2 &" " &"Revenue Comparison (2024 vs 2025) " -> Accessories 2025 Revenue Comparison (2024 vs 2025)
A13: Category | B13: Year | C13: Discount_% | P13: =(C8-C7)/C7 -> 0.15814203
A14: =$B$3 -> Accessories | B14: =B2 -> 2025 | C14: {=AVERAGE(_xlfn._xlws.FILTER(Orders_Data!$L$2:$L$101,(Orders_Data!$E$2:$E$101=$B$3)*(Orders_Data!$I$2:$I$101=$B$2)*(Orders_Data!$E$2:$E$101=$B$3)))} -> 0.095454545
A18: Status | B18: 2024 Avg Status | C18: 2025 Avg Status
A19: Returned | B19: {=AVERAGE(_xlfn._xlws.FILTER(Orders_Data!$D$2:$Q$101,(Orders_Data!$I$2:$I$101=2024)*(Orders_Data!$P$2:$P$101=$A19)*(Orders_Data!$E$2:$E$101=$B$3)))} -> 380.45143 | C19: {=AVERAGE(_xlfn._xlws.FILTER(Orders_Data!$D$2:$Q$101,(Orders_Data!$I$2:$I$101=2025)*(Orders_Data!$P$2:$P$101=$A19)*(Orders_Data!$E$2:$E$101=$B$3)))} -> 366.49
A20: Pending | B20: {=AVERAGE(_xlfn._xlws.FILTER(Orders_Data!$D$2:$Q$101,(Orders_Data!$I$2:$I$101=2024)*(Orders_Data!$P$2:$P$101=$A20)*(Orders_Data!$E$2:$E$101=$B$3)))} -> 363.28086 | C20: {=AVERAGE(_xlfn._xlws.FILTER(Orders_Data!$D$2:$Q$101,(Orders_Data!$I$2:$I$101=2025)*(Orders_Data!$P$2:$P$101=$A20)*(Orders_Data!$E$2:$E$101=$B$3)))} -> 426.78429
A21: Cancelled | B21: {=AVERAGE(_xlfn._xlws.FILTER(Orders_Data!$D$2:$Q$101,(Orders_Data!$I$2:$I$101=2024)*(Orders_Data!$P$2:$P$101=$A21)*(Orders_Data!$E$2:$E$101=$B$3)))} -> 418.74171 | C21: {=AVERAGE(_xlfn._xlws.FILTER(Orders_Data!$D$2:$Q$101,(Orders_Data!$I$2:$I$101=2025)*(Orders_Data!$P$2:$P$101=$A21)*(Orders_Data!$E$2:$E$101=$B$3)))} -> 352.58429
A22: Shipped | B22: {=AVERAGE(_xlfn._xlws.FILTER(Orders_Data!$D$2:$Q$101,(Orders_Data!$I$2:$I$101=2024)*(Orders_Data!$P$2:$P$101=$A22)*(Orders_Data!$E$2:$E$101=$B$3)))} -> 388.16714 | C22: {=AVERAGE(_xlfn._xlws.FILTER(Orders_Data!$D$2:$Q$101,(Orders_Data!$I$2:$I$101=2025)*(Orders_Data!$P$2:$P$101=$A22)*(Orders_Data!$E$2:$E$101=$B$3)))} -> 448.485
A23: Delivered | B23: {=AVERAGE(_xlfn._xlws.FILTER(Orders_Data!$D$2:$Q$101,(Orders_Data!$I$2:$I$101=2024)*(Orders_Data!$P$2:$P$101=$A23)*(Orders_Data!$E$2:$E$101=$B$3)))} -> 379.39486 | C23: {=AVERAGE(_xlfn._xlws.FILTER(Orders_Data!$D$2:$Q$101,(Orders_Data!$I$2:$I$101=2025)*(Orders_Data!$P$2:$P$101=$A23)*(Orders_Data!$E$2:$E$101=$B$3)))} -> 409.6419
A26: {=SUM(_xlfn._xlws.FILTER(Orders_Data!$N$2:$N$101,(Orders_Data!$E$2:$E$101=$B$3)*(Orders_Data!$I$2:$I$101=$B$2)))} -> 7695.35
A27: =UPPER(INDEX($A$19:$A$23, MATCH(MAX($B$19:$B$23), $B$19:$B$23, 0))) -> CANCELLED
A28: =INDEX($B$19:$B$23, MATCH(MAX($B$19:$B$23), $B$19:$B$23, 0)) -> 418.74171
A29: =(C8-C7)/C7 -> 0.15814203
AB53: #VALUE!

Sheet Inventory
A1: Key | B1: Product_ID | C1: Product_Name | D1: Category | E1: Unit_Price | F1: Supplier | G1: Lead_Time_Days | H1: In_Stock | I1: Quantity | J1: Product Name: | K1: USB-C Hub | M1: Product_ID | N1: Product_Name | O1: Category | P1: Supplier | Q1: Quantity
A2: =LEFT(B2&C2,4) -> P001 | B2: P001 | C2: Laptop Pro 15 | D2: Electronics | E2: 1299.99 | F2: TechWorld Sp. z o.o. | G2: 7 | H2: Yes | I2: =VLOOKUP($A2,Orders_Data!$A$2:$Q$101,11,0) -> 12 | M2: {=_xlfn.LET( _xlpm.ProductName,C2:C11, _xlpm.Stock,H2:H11, _xlpm.ProductID,B2:B11, _xlpm.Category,D2:D11, _xlpm.Supplier,F2:F11, _xlpm.Quantity,I2:I11, _xlpm.Array,CHOOSE({1,2,3,4,5},_xlpm.ProductID,_xlpm.ProductName,_xlpm.Category,_xlpm.Supplier,_xlpm.Quantity), _xlfn._xlws.FILTER(_xlpm.Array,(_xlpm.ProductName=K1)*(_xlpm.Stock="Yes"),"No Stock") )} -> P003 | N2: USB-C Hub | O2: Accessories | P2: GadgetHub Polska | Q2: 16 | V2: =Q2/20 -> 0.8
A3: =LEFT(B3&C3,4) -> P002 | B3: P002 | C3: Wireless Mouse | D3: Accessories | E3: 29.99 | F3: GadgetHub Polska | G3: 3 | H3: Yes | I3: =VLOOKUP($A3,Orders_Data!$A$2:$Q$101,11,0) -> 20
A4: =LEFT(B4&C4,4) -> P003 | B4: P003 | C4: USB-C Hub | D4: Accessories | E4: 49.99 | F4: GadgetHub Polska | G4: 3 | H4: Yes | I4: =VLOOKUP($A4,Orders_Data!$A$2:$Q$101,11,0) -> 16
A5: =LEFT(B5&C5,4) -> P004 | B5: P004 | C5: 4K Monitor | D5: Electronics | E5: 399.99 | F5: TechWorld Sp. z o.o. | G5: 7 | H5: Yes | I5: =VLOOKUP($A5,Orders_Data!$A$2:$Q$101,11,0) -> 17
A6: =LEFT(B6&C6,4) -> P005 | B6: P005 | C6: Mechanical Keyboard | D6: Accessories | E6: 89.99 | F6: GadgetHub Polska | G6: 3 | H6: Yes | I6: =VLOOKUP($A6,Orders_Data!$A$2:$Q$101,11,0) -> 16
A7: =LEFT(B7&C7,4) -> P006 | B7: P006 | C7: Webcam HD | D7: Electronics | E7: 79.99 | F7: TechWorld Sp. z o.o. | G7: 7 | H7: Yes | I7: =VLOOKUP($A7,Orders_Data!$A$2:$Q$101,11,0) -> 9 | T7: Stock | V7: =Q2/20 -> 0.8 | W7: 1
A8: =LEFT(B8&C8,4) -> P007 | B8: P007 | C8: Office Chair | D8: Furniture | E8: 249.99 | F8: ErgoOffice SA | G8: 14 | H8: No | I8: =VLOOKUP($A8,Orders_Data!$A$2:$Q$101,11,0) -> 8
A9: =LEFT(B9&C9,4) -> P008 | B9: P008 | C9: Standing Desk | D9: Furniture | E9: 499.99 | F9: ErgoOffice SA | G9: 14 | H9: Yes | I9: 5 | N9: Status: | O9: {=_xlfn.IFS( $Q$2>15,"Optimal", $Q$2>10,"Stable", $Q$2>5,"Low", $Q$2>1,"Critical", $Q$2=0,"No Stock" )} -> Optimal
A10: =LEFT(B10&C10,4) -> P009 | B10: P009 | C10: Noise Headphones | D10: Electronics | E10: 199.99 | F10: TechWorld Sp. z o.o. | G10: 7 | H10: Yes | I10: 13
A11: =LEFT(B11&C11,4) -> P010 | B11: P010 | C11: Desk Lamp LED | D11: Furniture | E11: 39.99 | F11: ErgoOffice SA | G11: 14 | H11: No | I11: 2 | N11: Stock: | O11: =Q2&"/"&20 -> 16/20
M15: Green | N15: =IF(V7>=75%,V7,NA()) -> 0.8
M16: yellow | N16: =IF(AND(V7<=75%,V7>50%),V7,NA()) -> #N/A
M17: orange | N17: =IF(AND(V7<=50%,V7>25%),V7,NA()) -> #N/A
M18: red | N18: =IF(V7<=25%,V7,NA()) -> #N/A
M19: empty | N19: =V6-V7 -> -0.8
